<?xml version="1.0" encoding="UTF-8"?>
<project-private xmlns="http://www.netbeans.org/ns/project-private/1">
    <editor-bookmarks xmlns="http://www.netbeans.org/ns/editor-bookmarks/2" lastBookmarkId="0"/>
    <open-files xmlns="http://www.netbeans.org/ns/projectui-open-files/2">
        <group>
            <file>file:/C:/Users/cleme/Videos/Nueva%20carpeta/Municipalidad/Municipalidad/src/Vista/VistaAlcaldia.java</file>
            <file>file:/C:/Users/cleme/Videos/Nueva%20carpeta/Municipalidad/Municipalidad/src/Vista/VistaCobranzas.java</file>
            <file>file:/C:/Users/cleme/Videos/Nueva%20carpeta/Municipalidad/Municipalidad/src/Modelo/Cobranzas.java</file>
            <file>file:/C:/Users/cleme/Videos/Nueva%20carpeta/Municipalidad/Municipalidad/src/controlador/CobranzasControlador.java</file>
            <file>file:/C:/Users/cleme/Videos/Nueva%20carpeta/Municipalidad/Municipalidad/src/Vista/VistaAdministrativo.java</file>
            <file>file:/C:/Users/cleme/Videos/Nueva%20carpeta/Municipalidad/Municipalidad/src/controlador/Principal.java</file>
            <file>file:/C:/Users/cleme/Videos/Nueva%20carpeta/Municipalidad/Municipalidad/src/controlador/LoginControlador.java</file>
            <file>file:/C:/Users/cleme/Videos/Nueva%20carpeta/Municipalidad/Municipalidad/src/Vista/VistaPrincipal.java</file>
        </group>
    </open-files>
</project-private>
